{
    "loss": 2.6945602893829346,
    "accuracy": 0.5035971403121948
}