{
    "loss": 14.269311904907227,
    "accuracy": 0.5395683646202087
}